-- phpMyAdmin SQL Dump
-- version 5.0.2
-- https://www.phpmyadmin.net/
--
-- Máy chủ: 127.0.0.1
-- Thời gian đã tạo: Th3 24, 2021 lúc 09:14 AM
-- Phiên bản máy phục vụ: 10.4.14-MariaDB
-- Phiên bản PHP: 7.4.10

SET SQL_MODE = "NO_AUTO_VALUE_ON_ZERO";
START TRANSACTION;
SET time_zone = "+00:00";


/*!40101 SET @OLD_CHARACTER_SET_CLIENT=@@CHARACTER_SET_CLIENT */;
/*!40101 SET @OLD_CHARACTER_SET_RESULTS=@@CHARACTER_SET_RESULTS */;
/*!40101 SET @OLD_COLLATION_CONNECTION=@@COLLATION_CONNECTION */;
/*!40101 SET NAMES utf8mb4 */;

--
-- Cơ sở dữ liệu: `elaravel`
--

-- --------------------------------------------------------

--
-- Cấu trúc bảng cho bảng `migrations`
--

CREATE TABLE `migrations` (
  `id` int(10) UNSIGNED NOT NULL,
  `migration` varchar(255) COLLATE utf8mb4_unicode_ci NOT NULL,
  `batch` int(11) NOT NULL
) ENGINE=InnoDB DEFAULT CHARSET=utf8mb4 COLLATE=utf8mb4_unicode_ci;

--
-- Đang đổ dữ liệu cho bảng `migrations`
--

INSERT INTO `migrations` (`id`, `migration`, `batch`) VALUES
(1, '2014_10_12_000000_create_users_table', 1),
(2, '2014_10_12_100000_create_password_resets_table', 1),
(3, '2019_08_19_000000_create_failed_jobs_table', 1),
(4, '2021_03_21_180448_create_tbl_admin_table', 1),
(5, '2021_03_22_155800_create_tbl_category_product', 2),
(6, '2021_03_23_104010_create_tbl_brand_product', 3),
(7, '2021_03_23_170811_create_tbl_product', 4);

-- --------------------------------------------------------

--
-- Cấu trúc bảng cho bảng `password_resets`
--

CREATE TABLE `password_resets` (
  `email` varchar(255) COLLATE utf8mb4_unicode_ci NOT NULL,
  `token` varchar(255) COLLATE utf8mb4_unicode_ci NOT NULL,
  `created_at` timestamp NULL DEFAULT NULL
) ENGINE=InnoDB DEFAULT CHARSET=utf8mb4 COLLATE=utf8mb4_unicode_ci;

-- --------------------------------------------------------

--
-- Cấu trúc bảng cho bảng `tbl_admin`
--

CREATE TABLE `tbl_admin` (
  `admin_id` int(10) UNSIGNED NOT NULL,
  `admin_email` varchar(100) COLLATE utf8mb4_unicode_ci NOT NULL,
  `admin_password` varchar(255) COLLATE utf8mb4_unicode_ci NOT NULL,
  `admin_name` varchar(255) COLLATE utf8mb4_unicode_ci NOT NULL,
  `admin_phone` varchar(255) COLLATE utf8mb4_unicode_ci NOT NULL,
  `created_at` timestamp NULL DEFAULT NULL,
  `updated_at` timestamp NULL DEFAULT NULL
) ENGINE=InnoDB DEFAULT CHARSET=utf8mb4 COLLATE=utf8mb4_unicode_ci;

--
-- Đang đổ dữ liệu cho bảng `tbl_admin`
--

INSERT INTO `tbl_admin` (`admin_id`, `admin_email`, `admin_password`, `admin_name`, `admin_phone`, `created_at`, `updated_at`) VALUES
(1, 'admin@gmail.com', 'e10adc3949ba59abbe56e057f20f883e', 'HoaiThuong', '0967738407', '2021-03-21 17:00:00', '2021-03-21 17:00:00');

-- --------------------------------------------------------

--
-- Cấu trúc bảng cho bảng `tbl_brand`
--

CREATE TABLE `tbl_brand` (
  `brand_id` int(10) UNSIGNED NOT NULL,
  `brand_name` varchar(255) COLLATE utf8mb4_unicode_ci NOT NULL,
  `brand_desc` text COLLATE utf8mb4_unicode_ci NOT NULL,
  `brand_status` int(11) NOT NULL,
  `created_at` timestamp NULL DEFAULT current_timestamp(),
  `updated_at` timestamp NULL DEFAULT current_timestamp()
) ENGINE=InnoDB DEFAULT CHARSET=utf8mb4 COLLATE=utf8mb4_unicode_ci;

--
-- Đang đổ dữ liệu cho bảng `tbl_brand`
--

INSERT INTO `tbl_brand` (`brand_id`, `brand_name`, `brand_desc`, `brand_status`, `created_at`, `updated_at`) VALUES
(2, 'Đồng hồ', 'hàng fake 1', 1, '2021-03-23 16:36:04', '2021-03-23 16:36:04'),
(3, 'Điện thoại', 'kkk', 1, '2021-03-23 18:19:11', '2021-03-23 18:19:11');

-- --------------------------------------------------------

--
-- Cấu trúc bảng cho bảng `tbl_category_product`
--

CREATE TABLE `tbl_category_product` (
  `category_id` int(10) UNSIGNED NOT NULL,
  `category_name` varchar(255) COLLATE utf8mb4_unicode_ci NOT NULL,
  `category_desc` text COLLATE utf8mb4_unicode_ci NOT NULL,
  `category_status` int(11) NOT NULL,
  `created_at` timestamp NULL DEFAULT current_timestamp(),
  `updated_at` timestamp NULL DEFAULT current_timestamp()
) ENGINE=InnoDB DEFAULT CHARSET=utf8mb4 COLLATE=utf8mb4_unicode_ci;

--
-- Đang đổ dữ liệu cho bảng `tbl_category_product`
--

INSERT INTO `tbl_category_product` (`category_id`, `category_name`, `category_desc`, `category_status`, `created_at`, `updated_at`) VALUES
(16, 'thuan', 'khung', 0, NULL, NULL),
(17, 'Iphoness', 'xịn', 0, NULL, NULL),
(18, 'Thuong', 'h', 1, NULL, NULL),
(20, 'Iphonecuathuan', 'hàng nhựa', 1, '2021-03-23 09:56:30', '2021-03-23 09:56:30'),
(21, 'thuan', 'map u', 1, '2021-03-23 10:02:30', '2021-03-23 10:02:30'),
(22, 'Iphone', 'kkkk', 1, '2021-03-23 18:18:49', '2021-03-23 18:18:49');

-- --------------------------------------------------------

--
-- Cấu trúc bảng cho bảng `tbl_product`
--

CREATE TABLE `tbl_product` (
  `product_id` int(10) UNSIGNED NOT NULL,
  `category_id` int(11) NOT NULL,
  `product_name` varchar(255) COLLATE utf8mb4_unicode_ci NOT NULL,
  `brand_id` int(11) NOT NULL,
  `product_desc` text COLLATE utf8mb4_unicode_ci NOT NULL,
  `product_content` text COLLATE utf8mb4_unicode_ci NOT NULL,
  `product_price` varchar(255) COLLATE utf8mb4_unicode_ci NOT NULL,
  `product_image` varchar(255) COLLATE utf8mb4_unicode_ci NOT NULL,
  `product_status` int(11) NOT NULL,
  `created_at` timestamp NULL DEFAULT current_timestamp(),
  `updated_at` timestamp NULL DEFAULT current_timestamp()
) ENGINE=InnoDB DEFAULT CHARSET=utf8mb4 COLLATE=utf8mb4_unicode_ci;

--
-- Đang đổ dữ liệu cho bảng `tbl_product`
--

INSERT INTO `tbl_product` (`product_id`, `category_id`, `product_name`, `brand_id`, `product_desc`, `product_content`, `product_price`, `product_image`, `product_status`, `created_at`, `updated_at`) VALUES
(1, 22, 'HoaiThuong11', 3, 'aaaaaaaaaaaa', 'aaaaaaa', '1221', '', 1, '2021-03-23 18:54:25', '2021-03-23 18:54:25'),
(2, 22, 'hahaaaaaaaaaaaaaaaaaaa', 3, 'kkkkkkkk', 'kkkkkkkkkkkkk', '121212121', '14.jpg', 1, '2021-03-23 18:58:28', '2021-03-23 18:58:28'),
(3, 22, 'â', 3, 'a', 'a', '11', '19.jpg', 1, '2021-03-24 05:47:37', '2021-03-24 05:47:37'),
(5, 20, 'hahaaaaa', 2, 'hahahaha', 'hhhhhh', '11', '57dc695c383af1aaf38798eaccceb4e593.jpg', 1, '2021-03-24 07:25:11', '2021-03-24 07:25:11'),
(6, 20, 'hahaaaaa', 2, 'hahahaha', 'hhhhhh', '111', '', 1, '2021-03-24 07:40:09', '2021-03-24 07:40:09'),
(7, 20, 'hahaaaaa', 2, 'hahahaha', 'hhhhhh', '111', '57dc695c383af1aaf38798eaccceb4e594.jpg', 1, '2021-03-24 07:51:07', '2021-03-24 07:51:07');

-- --------------------------------------------------------

--
-- Cấu trúc bảng cho bảng `users`
--

CREATE TABLE `users` (
  `id` bigint(20) UNSIGNED NOT NULL,
  `name` varchar(255) COLLATE utf8mb4_unicode_ci NOT NULL,
  `email` varchar(255) COLLATE utf8mb4_unicode_ci NOT NULL,
  `email_verified_at` timestamp NULL DEFAULT NULL,
  `password` varchar(255) COLLATE utf8mb4_unicode_ci NOT NULL,
  `remember_token` varchar(100) COLLATE utf8mb4_unicode_ci DEFAULT NULL,
  `created_at` timestamp NULL DEFAULT NULL,
  `updated_at` timestamp NULL DEFAULT NULL
) ENGINE=InnoDB DEFAULT CHARSET=utf8mb4 COLLATE=utf8mb4_unicode_ci;

--
-- Chỉ mục cho các bảng đã đổ
--

--
-- Chỉ mục cho bảng `migrations`
--
ALTER TABLE `migrations`
  ADD PRIMARY KEY (`id`);

--
-- Chỉ mục cho bảng `password_resets`
--
ALTER TABLE `password_resets`
  ADD KEY `password_resets_email_index` (`email`);

--
-- Chỉ mục cho bảng `tbl_admin`
--
ALTER TABLE `tbl_admin`
  ADD PRIMARY KEY (`admin_id`);

--
-- Chỉ mục cho bảng `tbl_brand`
--
ALTER TABLE `tbl_brand`
  ADD PRIMARY KEY (`brand_id`);

--
-- Chỉ mục cho bảng `tbl_category_product`
--
ALTER TABLE `tbl_category_product`
  ADD PRIMARY KEY (`category_id`);

--
-- Chỉ mục cho bảng `tbl_product`
--
ALTER TABLE `tbl_product`
  ADD PRIMARY KEY (`product_id`);

--
-- Chỉ mục cho bảng `users`
--
ALTER TABLE `users`
  ADD PRIMARY KEY (`id`),
  ADD UNIQUE KEY `users_email_unique` (`email`);

--
-- AUTO_INCREMENT cho các bảng đã đổ
--

--
-- AUTO_INCREMENT cho bảng `migrations`
--
ALTER TABLE `migrations`
  MODIFY `id` int(10) UNSIGNED NOT NULL AUTO_INCREMENT, AUTO_INCREMENT=8;

--
-- AUTO_INCREMENT cho bảng `tbl_admin`
--
ALTER TABLE `tbl_admin`
  MODIFY `admin_id` int(10) UNSIGNED NOT NULL AUTO_INCREMENT, AUTO_INCREMENT=2;

--
-- AUTO_INCREMENT cho bảng `tbl_brand`
--
ALTER TABLE `tbl_brand`
  MODIFY `brand_id` int(10) UNSIGNED NOT NULL AUTO_INCREMENT, AUTO_INCREMENT=4;

--
-- AUTO_INCREMENT cho bảng `tbl_category_product`
--
ALTER TABLE `tbl_category_product`
  MODIFY `category_id` int(10) UNSIGNED NOT NULL AUTO_INCREMENT, AUTO_INCREMENT=23;

--
-- AUTO_INCREMENT cho bảng `tbl_product`
--
ALTER TABLE `tbl_product`
  MODIFY `product_id` int(10) UNSIGNED NOT NULL AUTO_INCREMENT, AUTO_INCREMENT=9;

--
-- AUTO_INCREMENT cho bảng `users`
--
ALTER TABLE `users`
  MODIFY `id` bigint(20) UNSIGNED NOT NULL AUTO_INCREMENT;
COMMIT;

/*!40101 SET CHARACTER_SET_CLIENT=@OLD_CHARACTER_SET_CLIENT */;
/*!40101 SET CHARACTER_SET_RESULTS=@OLD_CHARACTER_SET_RESULTS */;
/*!40101 SET COLLATION_CONNECTION=@OLD_COLLATION_CONNECTION */;
